{"name":"07615ad6-6aa9-46c3-a5c3-e6fb0f40b0f7","id":"/providers/Microsoft.Flow/flows/07615ad6-6aa9-46c3-a5c3-e6fb0f40b0f7","type":"Microsoft.Flow/flows","properties":{"apiId":"/providers/Microsoft.PowerApps/apis/shared_logicflows","displayName":"Save MR Photos","definition":{"metadata":{"workflowEntityId":null,"flowclientsuspensionreason":"None","flowclientsuspensiontime":null,"creator":{"id":"76d892a9-af2c-457d-afac-423f156bd51d","type":"User","tenantId":"6f70791a-c7d6-4b12-877a-a044355012a8"},"provisioningMethod":"FromDefinition","failureAlertSubscription":true,"clientLastModifiedTime":"2020-09-25T22:47:30.8645856Z"},"$schema":"https://schema.management.azure.com/providers/Microsoft.Logic/schemas/2016-06-01/workflowdefinition.json#","contentVersion":"1.0.0.0","parameters":{"$connections":{"defaultValue":{},"type":"Object"},"$authentication":{"defaultValue":{},"type":"SecureObject"}},"triggers":{"manual":{"type":"Request","kind":"PowerApp","inputs":{"schema":{"type":"object","properties":{"Initializevariable_Value":{"type":"string","description":"Enter initial value","x-ms-powerflows-param-ispartial":false}},"required":["Initializevariable_Value"]}}}},"actions":{"Respond_to_a_PowerApp_or_flow":{"runAfter":{"For_each_ImageURI":["Succeeded"]},"type":"Response","kind":"PowerApp","inputs":{"statusCode":200,"body":{"result":true},"schema":{"type":"object","properties":{"result":{"title":"result","x-ms-dynamically-added":true,"type":"boolean"}}}}},"Initialize_PhotosJSON":{"runAfter":{},"type":"InitializeVariable","inputs":{"variables":[{"name":"PhotosJSON","type":"string","value":"@{triggerBody()['Initializevariable_Value']}"}]}},"Parse_JSON_Images":{"runAfter":{"Initialize_PhotosJSON":["Succeeded"]},"type":"ParseJson","inputs":{"content":"@variables('PhotosJSON')","schema":{"type":"array","items":{"type":"object","properties":{"ImageURI":{"type":"string"}}}}}},"For_each_ImageURI":{"foreach":"@body('Parse_JSON_Images')","actions":{"Create_picture":{"runAfter":{},"type":"OpenApiConnection","inputs":{"host":{"apiId":"/providers/Microsoft.PowerApps/apis/shared_onedriveforbusiness","connectionName":"shared_onedriveforbusiness","operationId":"CreateFile"},"parameters":{"folderPath":"/App 3D/Photos","name":"@{utcNow()}.jpeg","body":"@dataUriToBinary(items('For_each_ImageURI')['ImageURI'])"},"authentication":{"value":"@json(decodeBase64(triggerOutputs().headers['X-MS-APIM-Tokens']))['$ConnectionKey']","type":"Raw"}},"runtimeConfiguration":{"contentTransfer":{"transferMode":"Chunked"}}}},"runAfter":{"Parse_JSON_Images":["Succeeded"]},"type":"Foreach"}}},"connectionReferences":{"shared_onedriveforbusiness":{"connectionName":"shared-onedriveforbu-f3a0228f-b2c7-42fe-8426-985508546306","source":"Invoker","id":"/providers/Microsoft.PowerApps/apis/shared_onedriveforbusiness","tier":"NotSpecified"}},"flowFailureAlertSubscribed":false}}